mysql> select * from emp;
+-------+--------+-----------+------+------------+---------+---------+--------+
| empno | ename  | job       | mgr  | hiredate   | sal     | comm    | deptno |
+-------+--------+-----------+------+------------+---------+---------+--------+
|  7369 | SMITH  | CLERK     | 7902 | 1993-06-13 |  800.00 |    0.00 |     20 |
|  7499 | ALLEN  | SALESMAN  | 7698 | 1998-08-15 | 1600.00 |  300.00 |     30 |
|  7521 | WARD   | SALESMAN  | 7698 | 1996-03-26 | 1250.00 |  500.00 |     30 |
|  7566 | JONES  | MANAGER   | 7839 | 1995-10-31 | 2975.00 |    NULL |     20 |
|  7654 | MARTIN | SALESMAN  | 7698 | 1998-12-05 | 1250.00 | 1400.00 |     30 |
|  7698 | BLAKE  | MANAGER   | 7839 | 1992-06-11 | 2850.00 |    NULL |     30 |
|  7782 | CLARK  | MANAGER   | 7839 | 1993-05-14 | 2450.00 |    NULL |     10 |
|  7788 | SCOTT  | ANALYST   | 7566 | 1996-03-05 | 3000.00 |    NULL |     20 |
|  7839 | KING   | PRESIDENT | NULL | 1990-06-09 | 5000.00 |    0.00 |     10 |
|  7844 | TURNER | SALESMAN  | 7698 | 1995-06-04 | 1500.00 |    0.00 |     30 |
|  7876 | ADAMS  | CLERK     | 7788 | 1999-06-04 | 1100.00 |    NULL |     20 |
|  7900 | JAMES  | CLERK     | 7698 | 2000-06-23 |  950.00 |    NULL |     30 |
|  7902 | FORD   | ANALYST   | 7566 | 1997-12-05 | 3000.00 |    NULL |     20 |
|  7934 | MILLER | CLERK     | 7782 | 2000-01-21 | 1300.00 |    NULL |     10 |
+-------+--------+-----------+------+------------+---------+---------+--------+
14 rows in set (0.01 sec)


1. Display the total number of employees working in the company
---------------------------------------------------------------

mysql> select count(*) As "Total No.of Employees" from emp;
+-----------------------+
| Total No.of Employees |
+-----------------------+
|                    14 |
+-----------------------+
1 row in set (0.00 sec)

----------------------------------------------------------------------------------------------------------------------------



2. Display the total salary and total commission to all employees
-----------------------------------------------------------------

mysql> select sum(sal) As "Total Salary",sum(comm) from emp;
+--------------+-----------+
| Total Salary | sum(comm) |
+--------------+-----------+
|     29025.00 |   2200.00 |
+--------------+-----------+
1 row in set (0.00 sec)

----------------------------------------------------------------------------------------------------------------------------



3. Display the maximum salary from emp table.
---------------------------------------------

mysql> select max(sal) As "Maximum Salary" from emp;
+----------------+
| Maximum Salary |
+----------------+
|        5000.00 |
+----------------+
1 row in set (0.00 sec)

----------------------------------------------------------------------------------------------------------------------------



4.Display the hiredate of junior most employee.
-----------------------------------------------

mysql> select hiredate from emp order by hiredate limit 1;
+------------+
| hiredate   |
+------------+
| 1990-06-09 |
+------------+
1 row in set (0.00 sec)

----------------------------------------------------------------------------------------------------------------------------



5.Display the average salary from emp table.
--------------------------------------------

mysql>  select avg(sal) As "Avarage Salary" from emp;
+----------------+
| Avarage Salary |
+----------------+
|    2073.214286 |
+----------------+
1 row in set (0.00 sec)

----------------------------------------------------------------------------------------------------------------------------



6.Display the maximum salary being paid to CLERK.
-------------------------------------------------

mysql> select max(sal) As "Maximum Salary for Clerk" from emp where job = 'clerk';
+--------------------------+
| Maximum Salary for Clerk |
+--------------------------+
|                  1300.00 |
+--------------------------+
1 row in set (0.00 sec)
----------------------------------------------------------------------------------------------------------------------------



7.Display the maximum salary being paid in dept no 20.mysql> select max(sal) As "Maximum Salary for Dept 10" from emp where deptno = 20
---------------------------------------------------------------------------------------------------------------------------------------

+----------------------------+
| Maximum Salary for Dept 10 |
+----------------------------+
|                    3000.00 |
+----------------------------+
1 row in set (0.00 sec)

----------------------------------------------------------------------------------------------------------------------------



8.Display the minimum salary being paid to any SALESMAN.
--------------------------------------------------------

mysql> select max(sal) As "Maximum Salary for Salesman" from emp where job =  'Salesman';
+-----------------------------+
| Maximum Salary for Salesman |
+-----------------------------+
|                     1600.00 |
+-----------------------------+
1 row in set (0.00 sec)

----------------------------------------------------------------------------------------------------------------------------



9.Display the average salary drawn by managers.
-----------------------------------------------

mysql> select avg(sal) As "Average Salary of Managers" from emp where job = 'manager';
+----------------------------+
| Average Salary of Managers |
+----------------------------+
|                2758.333333 |
+----------------------------+
1 row in set (0.00 sec)

----------------------------------------------------------------------------------------------------------------------------



10.Display the total salary drawn by analyst working in dept no 20.
-------------------------------------------------------------------

mysql>mysql> SELECT SUM(sal) As "Total Salary for Analyst working in Dept 20" from emp where job = 'analyst' and deptno = 20;
+---------------------------------------------+
| Total Salary for Analyst working in Dept 20 |
+---------------------------------------------+
|                                     6000.00 |
+---------------------------------------------+
1 row in set (0.00 sec)

----------------------------------------------------------------------------------------------------------------------------



11. Display Department numbers and total number of employees working in each Department?
----------------------------------------------------------------------------------------

mysql> SELECT deptno As "Dept No", COUNT(*) As "No.of Employees" from emp group  by deptno;
+---------+-----------------+
| Dept No | No.of Employees |
+---------+-----------------+
|      20 |               5 |
|      30 |               6 |
|      10 |               3 |
+---------+-----------------+
3 rows in set (0.00 sec)

----------------------------------------------------------------------------------------------------------------------------



12. Display the various jobs and total number of employees working in each job group?
-------------------------------------------------------------------------------------

mysql> SELECT job, COUNT(*) AS Total_Employee
    -> FROM emp
    -> GROUP BY job;
+-----------+----------------+
| job       | Total_Employee |
+-----------+----------------+
| CLERK     |              4 |
| SALESMAN  |              4 |
| MANAGER   |              3 |
| ANALYST   |              2 |
| PRESIDENT |              1 |
+-----------+----------------+
5 rows in set (0.00 sec)

----------------------------------------------------------------------------------------------------------------------------



13.Display department numbers and Total Salary for each Department?
-------------------------------------------------------------------

mysql> SELECT deptno, SUM(sal) AS Total_Salary
    -> FROM emp
    -> GROUP BY deptno;
+--------+--------------+
| deptno | Total_Salary |
+--------+--------------+
|     20 |     10875.00 |
|     30 |      9400.00 |
|     10 |      8750.00 |
+--------+--------------+
3 rows in set (0.00 sec)

----------------------------------------------------------------------------------------------------------------------------



14.Display department numbers and Maximum Salary from each Department?
----------------------------------------------------------------------

mysql> SELECT deptno, SUM(sal) AS Total_Salary
    -> FROM emp
    -> GROUP BY deptno;
+--------+--------------+
| deptno | Total_Salary |
+--------+--------------+
|     20 |     10875.00 |
|     30 |      9400.00 |
|     10 |      8750.00 |
+--------+--------------+
3 rows in set (0.00 sec)

----------------------------------------------------------------------------------------------------------------------------



15.Display various jobs and Total Salary for each job?
------------------------------------------------------


mysql> SELECT job, SUM(sal) AS Total_Salary
    -> FROM emp
    -> GROUP BY job;
+-----------+--------------+
| job       | Total_Salary |
+-----------+--------------+
| CLERK     |      4150.00 |
| SALESMAN  |      5600.00 |
| MANAGER   |      8275.00 |
| ANALYST   |      6000.00 |
| PRESIDENT |      5000.00 |
+-----------+--------------+
5 rows in set (0.00 sec)

----------------------------------------------------------------------------------------------------------------------------



16.Display each job along with min of salary being paid in each job group?
--------------------------------------------------------------------------

mysql> SELECT job, MIN(sal)
    -> FROM emp
    -> GROUP BY job;
+-----------+----------+
| job       | MIN(sal) |
+-----------+----------+
| CLERK     |   800.00 |
| SALESMAN  |  1250.00 |
| MANAGER   |  2450.00 |
| ANALYST   |  3000.00 |
| PRESIDENT |  5000.00 |
+-----------+----------+
5 rows in set (0.00 sec)

----------------------------------------------------------------------------------------------------------------------------



17. Display the department Number with more than three employees in each department?
------------------------------------------------------------------------------------

mysql> SELECT deptno, COUNT(*) AS Employee_Count
    -> FROM emp
    -> GROUP BY deptno
    -> HAVING COUNT(*) > 3;
+--------+----------------+
| deptno | Employee_Count |
+--------+----------------+
|     20 |              5 |
|     30 |              6 |
+--------+----------------+
2 rows in set (0.00 sec)

----------------------------------------------------------------------------------------------------------------------------



18. Display various jobs along with total salary for each of the job where total salary is greater than 2500?
-------------------------------------------------------------------------------------------------------------

mysql> SELECT job, SUM(sal) AS Total_Salary
    -> FROM emp
    -> group by job
    -> having sum(sal) > 2500;
+-----------+--------------+
| job       | Total_Salary |
+-----------+--------------+
| CLERK     |      4150.00 |
| SALESMAN  |      5600.00 |
| MANAGER   |      8275.00 |
| ANALYST   |      6000.00 |
| PRESIDENT |      5000.00 |
+-----------+--------------+
5 rows in set (0.00 sec)

----------------------------------------------------------------------------------------------------------------------------



19. Display the various jobs along with total number of employees in each job.The output should contain only those jobs with more than three employees?
-------------------------------------------------------------------------------------------------------------------------------------------------------


mysql> SELECT job, COUNT(*) AS num_employees
    -> FROM emp
    -> GROUP BY job
    -> HAVING COUNT(*) > 3;
+----------+---------------+
| job      | num_employees |
+----------+---------------+
| CLERK    |             4 |
| SALESMAN |             4 |
+----------+---------------+
2 rows in set (0.00 sec)


----------------------------------------------------------------------------------------------------------------------------


